"","General_Category","General_Category_lvl2","Family","Species","Species_2","Habitat"
"1","Fish","Salmon","Oncorhynchus","Chum Salmon","Chum Salmon","Freshwater_Anadromous"
"2","Fish","Salmon","Oncorhynchus","Coho Salmon","Coho Salmon","Freshwater_Anadromous"
"3","Fish","Salmon","Oncorhynchus","Chinook Salmon","Chinook Salmon","Freshwater_Anadromous"
"4","Fish","Salmon","Oncorhynchus","Pink Salmon","Pink Salmon","Freshwater_Anadromous"
"5","Fish","Salmon","Oncorhynchus","Sockeye Salmon","Sockeye Salmon","Freshwater_Anadromous"
"6","Fish","Non-Salmon Fish","Osmeridae","Eulachon (hooligan, candlefish","Eulachon (hooligan, candlefish","Freshwater_Anadromous"
"7","Fish","Non-Salmon Fish","Bass","Sea Bass","Sea Bass","Marine"
"8","Fish","Non-Salmon Fish","Halibut","Halibut","Halibut","Marine"
"9","Fish","Non-Salmon Fish","Sculpin","Red Irish Lord","Red Irish Lord","Marine"
"10","Fish","Non-Salmon Fish","Char","Dolly Varden","Dolly Varden","Freshwater_Anadromous"
"11","Fish","Non-Salmon Fish","Trout","Rainbow Trout","Rainbow Trout","Freshwater_Anadromous"
"12","Fish","Salmon","Oncorhynchus","Unknown Salmon","Salmon","Freshwater_Anadromous"
"13","Fish","Non-Salmon Fish","Clupeidae","Herring","Herring","Marine"
"14","Fish","Non-Salmon Fish","Clupeidae","Herring Roe","Herring Roe","Nearshore"
"15","Fish","Non-Salmon Fish","Gadidae","Pacific Cod (gray)","Pacific Cod (gray)","Marine"
"16","Fish","Non-Salmon Fish","Flounder","Flounder","Flounder","Marine"
"17","Fish","Non-Salmon Fish","Flounder","Unknown Flounder","Flounder","Marine"
"18","Fish","Non-Salmon Fish","Hexagrammidae","Lingcod","Lingcod","Marine"
"19","Fish","Non-Salmon Fish","Hexagrammidae","Rock Greenling","Rock Greenling","Marine"
"20","Fish","Non-Salmon Fish","Rockfish","Black Rockfish","Black Rockfish","Marine"
"21","Fish","Non-Salmon Fish","Rockfish","Yellow Eye Rockfish","Yellow Eye Rockfish","Marine"
"22","Fish","Non-Salmon Fish","Rockfish","Dusky Rockfish","Dusky Rockfish","Marine"
"23","Fish","Non-Salmon Fish","Rockfish","Copper Rockfish","Copper Rockfish","Marine"
"24","Fish","Non-Salmon Fish","Sablefish","Sablefish (black cod)","Sablefish (black cod)","Marine"
"25","Fish","Non-Salmon Fish","Trout","Cutthroat Trout","Cutthroat Trout","Freshwater_Anadromous"
"26","Fish","Non-Salmon Fish","Trout","Steelhead","Steelhead","Freshwater_Anadromous"
"27","Fish","Non-Salmon Fish","Unknown Non-Salmon Fish","Unknown Non-Salmon Fish","Non-Salmon Fish","Marine"
"28","Fish","Non-Salmon Fish","Rockfish","Red Rockfish","Red Rockfish","Marine"
"29","Fish","Non-Salmon Fish","Rockfish","Unknown Rockfish","Rockfish","Marine"
"30","Fish","Non-Salmon Fish","Grayling","Grayling","Grayling","Marine"
"31","Fish","Non-Salmon Fish","Rockfish","Quillback Rockfish","Quillback Rockfish","Marine"
"32","Fish","Non-Salmon Fish","Gadidae","Pacific Tom Cod","Pacific Tom Cod","Marine"
"33","Fish","Non-Salmon Fish","Gadidae","Unknown Cod","Cod","Marine"
"34","Fish","Non-Salmon Fish","Perch","Sea Perch","Sea Perch","Marine"
"35","Fish","Non-Salmon Fish","Shark","Dogfish","Dogfish","Marine"
"36","Fish","Non-Salmon Fish","Skates","Skates","Skates","Marine"
"37","Fish","Non-Salmon Fish","Sole","Sole","Sole","Marine"
"38","Fish","Non-Salmon Fish","Sole","Unknown Sole","Sole","Marine"
"39","Fish","Non-Salmon Fish","Char","Brook Trout","Brook Trout","Freshwater_Anadromous"
"40","Fish","Non-Salmon Fish","Bass","Unknown Bass","Bass","Marine"
"41","Fish","Non-Salmon Fish","Gadidae","Walleye Pollock (whiting)","Walleye Pollock (whiting)","Marine"
"42","Fish","Non-Salmon Fish","Hexagrammidae","Kelp Greenling","Kelp Greenling","Marine"
"43","Fish","Non-Salmon Fish","Sculpin","Buffalo Sculpin","Buffalo Sculpin","Marine"
"44","Fish","Non-Salmon Fish","Perch","Unknown Perch","Perch","Marine"
"45","Fish","Non-Salmon Fish","Sculpin","Unknown Sculpin","Sculpin","Marine"
"46","Fish","Non-Salmon Fish","Sculpin","Bullhead Sculpin","Bullhead Sculpin","Marine"
"47","Fish","Non-Salmon Fish","Char","Arctic Char","Arctic Char","Freshwater_Anadromous"
"48","Fish","Non-Salmon Fish","Osmeridae","Silver Smelt","Silver Smelt","Freshwater_Anadromous"
"49","Fish","Non-Salmon Fish","Rockfish","Brown Rockfish","Brown Rockfish","Marine"
"50","Fish","Non-Salmon Fish","Trout","Unknown Trout","Trout","Freshwater_Anadromous"
"51","Fish","Non-Salmon Fish","Gadidae","Pacific (silver) hake","Pacific (silver) hake","Marine"
"52","Fish","Non-Salmon Fish","Rockfish","China Rockfish","China Rockfish","Marine"
"53","Fish","Non-Salmon Fish","Shark","Unknown Shark","Shark","Marine"
"54","Fish","Non-Salmon Fish","Hexagrammidae","Unknown Greenling","Greenling","Marine"
"55","Fish","Non-Salmon Fish","Osmeridae","Capelin (grunion)","Capelin (grunion)","Freshwater_Anadromous"
"56","Fish","Non-Salmon Fish","Eel","Eel","Eel","Marine"
"57","Fish","Non-Salmon Fish","Sculpin","Irish Lord","Irish Lord","Marine"
"58","Fish","Non-Salmon Fish","Sturgeon","White Sturgeon","White Sturgeon","Marine"
"59","Land Mammals","Large Land Mammals","Deer","Deer","Deer","Terrestrial"
"60","Land Mammals","Large Land Mammals","Goat","Goat","Goat","Terrestrial"
"61","Land Mammals","Small Land Mammals","Land Otter","Land Otter","Land Otter","Terrestrial"
"62","Land Mammals","Small Land Mammals","Marten","Marten","Marten","Terrestrial"
"63","Land Mammals","Small Land Mammals","Mink","Mink","Mink","Terrestrial"
"64","Land Mammals","Large Land Mammals","Black Bear","Black Bear","Black Bear","Terrestrial"
"65","Land Mammals","Large Land Mammals","Moose","Moose","Moose","Terrestrial"
"66","Land Mammals","Large Land Mammals","Elk","Elk","Elk","Terrestrial"
"67","Land Mammals","Small Land Mammals","Beaver","Beaver","Beaver","Terrestrial"
"68","Land Mammals","Small Land Mammals","Weasel","Weasel","Weasel","Terrestrial"
"69","Land Mammals","Small Land Mammals","Wolf","Wolf","Wolf","Terrestrial"
"70","Land Mammals","Large Land Mammals","Caribou","Caribou","Caribou","Terrestrial"
"71","Land Mammals","Small Land Mammals","Fox","Red Fox","Red Fox","Terrestrial"
"72","Land Mammals","Large Land Mammals","Brown Bear","Brown Bear","Brown Bear","Terrestrial"
"73","Land Mammals","Small Land Mammals","Squirrel","Unknown Squirrel","Squirrel","Terrestrial"
"74","Land Mammals","Large Land Mammals","Unknown Large Land Mammal","Unknown Large Land Mammal","Large Land Mammal","Terrestrial"
"75","Land Mammals","Small Land Mammals","Coyote","Coyote","Coyote","Terrestrial"
"76","Land Mammals","Small Land Mammals","Lynx","Lynx","Lynx","Terrestrial"
"77","Land Mammals","Small Land Mammals","Marmot","Marmot","Marmot","Terrestrial"
"78","Land Mammals","Small Land Mammals","Muskrat","Muskrat","Muskrat","Terrestrial"
"79","Land Mammals","Small Land Mammals","Porcupine","Porcupine","Porcupine","Terrestrial"
"80","Land Mammals","Small Land Mammals","Wolverine","Wolverine","Wolverine","Terrestrial"
"81","Land Mammals","Small Land Mammals","Hare","Unknown Hare","Hare","Terrestrial"
"82","Land Mammals","Small Land Mammals","Hare","Snowshoe Hare","Snowshoe Hare","Terrestrial"
"83","Land Mammals","Small Land Mammals","Squirrel","Tree Squirrel","Tree Squirrel","Terrestrial"
"84","Land Mammals","Large Land Mammals","Dall Sheep","Dall Sheep","Dall Sheep","Terrestrial"
"85","Land Mammals","Large Land Mammals","Muskox","Muskox","Muskox","Terrestrial"
"86","Land Mammals","Small Land Mammals","Squirrel","Flying Squirrel","Flying Squirrel","Terrestrial"
"87","Marine Mammals","Marine Mammals","Seal","Harbor Seal","Harbor Seal","Marine"
"88","Marine Mammals","Marine Mammals","Sea Otter","Sea Otter","Sea Otter","Marine"
"89","Marine Mammals","Marine Mammals","Unknown Marine Mammals","Unknown Marine Mammals","Marine Mammals","Marine"
"90","Marine Mammals","Marine Mammals","Whale","Bowhead","Bowhead","Marine"
"91","Marine Mammals","Marine Mammals","Stellar Sea Lion","Stellar Sea Lion","Stellar Sea Lion","Marine"
"92","Birds and Eggs","Migratory Birds","Ducks","Ducks","Ducks","Terrestrial"
"93","Birds and Eggs","Other Birds","Upland Game Birds","Upland Game Birds","Upland Game Birds","Terrestrial"
"94","Birds and Eggs","Migratory Birds","Seabirds and Loons","Seabirds and Loons","Seabirds and Loons","Terrestrial"
"95","Birds and Eggs","Bird Eggs","Seabirds and Loons","Seabirds and Loons","Seabirds and Loons","Terrestrial"
"96","Birds and Eggs","Migratory Birds","Geese","Geese","Geese","Terrestrial"
"97","Birds and Eggs","Migratory Birds","Crane","Crane","Crane","Terrestrial"
"98","Birds and Eggs","Other Birds","Unknown Other Birds","Unknown Other Birds","Other Birds","Terrestrial"
"99","Birds and Eggs","Bird Eggs","Unknown Eggs","Unknown Eggs","Eggs","Terrestrial"
"100","Birds and Eggs","Migratory Birds","Ducks","Teal","Teal","Terrestrial"
"101","Birds and Eggs","Migratory Birds","Ducks","Wigeon","Wigeon","Terrestrial"
"102","Birds and Eggs","Migratory Birds","Geese","Canada Geese","Canada Geese","Terrestrial"
"103","Birds and Eggs","Other Birds","Upland Game Birds","Grouse","Grouse","Terrestrial"
"104","Birds and Eggs","Migratory Birds","Ducks","Goldeneye","Goldeneye","Terrestrial"
"105","Birds and Eggs","Migratory Birds","Ducks","Scaup","Scaup","Terrestrial"
"106","Birds and Eggs","Other Birds","Upland Game Birds","Ptarmigan","Ptarmigan","Terrestrial"
"107","Birds and Eggs","Migratory Birds","Shorebird","Unknown Shorebirds","Shorebirds","Terrestrial"
"108","Birds and Eggs","Migratory Birds","Ducks","Bufflehead","Bufflehead","Terrestrial"
"109","Birds and Eggs","Migratory Birds","Ducks","Harlequin","Harlequin","Terrestrial"
"110","Birds and Eggs","Migratory Birds","Ducks","Mallard","Mallard","Terrestrial"
"111","Birds and Eggs","Migratory Birds","Ducks","Long-tailed Duck (Oldsquaw)","Long-tailed Duck (Oldsquaw)","Terrestrial"
"112","Birds and Eggs","Migratory Birds","Ducks","Northern Pintail","Northern Pintail","Terrestrial"
"113","Birds and Eggs","Migratory Birds","Ducks","Green-Winged Teal","Green-Winged Teal","Terrestrial"
"114","Birds and Eggs","Migratory Birds","Ducks","Unknown Wigeon","Wigeon","Terrestrial"
"115","Birds and Eggs","Migratory Birds","Ducks","Unknown Ducks","Ducks","Terrestrial"
"116","Birds and Eggs","Migratory Birds","Geese","Vancouver Canada Geese","Vancouver Canada Geese","Terrestrial"
"117","Birds and Eggs","Migratory Birds","Geese","Unknown Canada Geese","Canada Geese","Terrestrial"
"118","Birds and Eggs","Migratory Birds","Swan","Tundra Swan (whistling)","Tundra Swan (whistling)","Terrestrial"
"119","Birds and Eggs","Migratory Birds","Crane","Sandhill Crane","Sandhill Crane","Terrestrial"
"120","Birds and Eggs","Migratory Birds","Shorebird","Wilson's Snipe","Wilson's Snipe","Terrestrial"
"121","Birds and Eggs","Migratory Birds","Ducks","Barrows Goldeneye","Barrows Goldeneye","Terrestrial"
"122","Birds and Eggs","Migratory Birds","Ducks","Common Goldeneye","Common Goldeneye","Terrestrial"
"123","Birds and Eggs","Migratory Birds","Ducks","Unknown Scaup","Scaup","Terrestrial"
"124","Birds and Eggs","Migratory Birds","Ducks","American Wigeon","American Wigeon","Terrestrial"
"125","Birds and Eggs","Migratory Birds","Geese","White-fronted Geese","White-fronted Geese","Terrestrial"
"126","Birds and Eggs","Other Birds","Upland Game Birds","Rock Ptarmigan","Rock Ptarmigan","Terrestrial"
"127","Birds and Eggs","Other Birds","Upland Game Birds","Willow Ptarmigan","Willow Ptarmigan","Terrestrial"
"128","Birds and Eggs","Other Birds","Upland Game Birds","Unknown Ptarmigan","Ptarmigan","Terrestrial"
"129","Birds and Eggs","Migratory Birds","Ducks","Gadwall","Gadwall","Terrestrial"
"130","Birds and Eggs","Migratory Birds","Ducks","Unknown Teal","Teal","Terrestrial"
"131","Birds and Eggs","Migratory Birds","Geese","Brant","Brant","Terrestrial"
"132","Birds and Eggs","Bird Eggs","Seabirds and Loons","Unknown Gull","Gull","Terrestrial"
"133","Birds and Eggs","Bird Eggs","Seabirds and Loons","Common Murre","Common Murre","Terrestrial"
"134","Birds and Eggs","Migratory Birds","Ducks","Common Merganser","Common Merganser","Terrestrial"
"135","Birds and Eggs","Migratory Birds","Ducks","Canvasback","Canvasback","Terrestrial"
"136","Birds and Eggs","Migratory Birds","Ducks","Lesser Scaup","Lesser Scaup","Terrestrial"
"137","Birds and Eggs","Migratory Birds","Ducks","Surf Scoter","Surf Scoter","Terrestrial"
"138","Birds and Eggs","Migratory Birds","Ducks","Unknown Scoter","Scoter","Terrestrial"
"139","Birds and Eggs","Migratory Birds","Geese","Unknown Geese","Geese","Terrestrial"
"140","Birds and Eggs","Bird Eggs","Seabirds and Loons","Glaucous Winged Gull","Glaucous Winged Gull","Terrestrial"
"141","Birds and Eggs","Bird Eggs","Seabirds and Loons","Unknown Seabird","Seabird","Terrestrial"
"142","Birds and Eggs","Bird Eggs","Ducks","Unknown Duck","Duck","Terrestrial"
"143","Birds and Eggs","Other Birds","Upland Game Birds","Spruce Grouse","Spruce Grouse","Terrestrial"
"144","Birds and Eggs","Other Birds","Upland Game Birds","Ruffed Grouse","Ruffed Grouse","Terrestrial"
"145","Birds and Eggs","Migratory Birds","Ducks","Greater Scaup","Greater Scaup","Terrestrial"
"146","Birds and Eggs","Migratory Birds","Geese","Lesser Canada Geese","Lesser Canada Geese","Terrestrial"
"147","Birds and Eggs","Migratory Birds","Seabirds and Loons","Cormorants","Cormorants","Terrestrial"
"148","Birds and Eggs","Migratory Birds","Seabirds and Loons","Guillemot","Guillemot","Terrestrial"
"149","Birds and Eggs","Migratory Birds","Geese","Snow Geese","Snow Geese","Terrestrial"
"150","Birds and Eggs","Migratory Birds","Ducks","Unknown Goldeneye","Goldeneye","Terrestrial"
"151","Birds and Eggs","Migratory Birds","Ducks","Red-Breasted Merganser","Red-Breasted Merganser","Terrestrial"
"152","Birds and Eggs","Migratory Birds","Ducks","Unknown Merganser","Merganser","Terrestrial"
"153","Birds and Eggs","Migratory Birds","Ducks","White-winged Scoter","White-winged Scoter","Terrestrial"
"154","Birds and Eggs","Bird Eggs","Seabirds and Loons","Tern","Tern","Terrestrial"
"155","Birds and Eggs","Bird Eggs","Seabirds and Loons","Unknown Tern","Tern","Terrestrial"
"156","Marine Invertebrates","Marine Invertebrates","Chiton","Red (large) Chiton","Red (large) Chiton","Nearshore"
"157","Marine Invertebrates","Marine Invertebrates","Chiton","Black (small) Chiton","Black (small) Chiton","Nearshore"
"158","Marine Invertebrates","Marine Invertebrates","Clam","Butter Clam","Butter Clam","Nearshore"
"159","Marine Invertebrates","Marine Invertebrates","Cockle","Basket Cockle","Basket Cockle","Nearshore"
"160","Marine Invertebrates","Marine Invertebrates","Cockle","Heart Cockle","Heart Cockle","Nearshore"
"161","Marine Invertebrates","Marine Invertebrates","Crab","Dungeness Crab","Dungeness Crab","Nearshore"
"162","Marine Invertebrates","Marine Invertebrates","Crab","King Crab","King Crab","Marine"
"163","Marine Invertebrates","Marine Invertebrates","Mussel","Blue Mussel","Blue Mussel","Nearshore"
"164","Marine Invertebrates","Marine Invertebrates","Octopus","Octopus","Octopus","Marine"
"165","Marine Invertebrates","Marine Invertebrates","Shrimp","Shrimp","Shrimp","Marine"
"166","Marine Invertebrates","Marine Invertebrates","Unknown Marine Invertebrates","Unknown Marine Invertebrates","Marine Invertebrates","Marine"
"167","Marine Invertebrates","Marine Invertebrates","Abalone","Abalone","Abalone","Nearshore"
"168","Marine Invertebrates","Marine Invertebrates","Geoduck","Geoduck","Geoduck","Nearshore"
"169","Marine Invertebrates","Marine Invertebrates","Clam","Horse Clam","Horse Clam","Nearshore"
"170","Marine Invertebrates","Marine Invertebrates","Clam","Razor Clam","Razor Clam","Nearshore"
"171","Marine Invertebrates","Marine Invertebrates","Crab","Box Crab","Box Crab","Marine"
"172","Marine Invertebrates","Marine Invertebrates","Oyster","Oyster","Oyster","Marine"
"173","Marine Invertebrates","Marine Invertebrates","Clam","Pacific Littleneck Clam","Pacific Littleneck Clam","Nearshore"
"174","Marine Invertebrates","Marine Invertebrates","Cockle","Unknown Cockle","Cockle","Nearshore"
"175","Marine Invertebrates","Marine Invertebrates","Crab","Red King Crab","Red King Crab","Marine"
"176","Marine Invertebrates","Marine Invertebrates","Sea Cucumber","Unknown Sea Cucumber","Sea Cucumber","Nearshore"
"177","Marine Invertebrates","Marine Invertebrates","Sea Urchin","Green Sea Urchin","Green Sea Urchin","Nearshore"
"178","Marine Invertebrates","Marine Invertebrates","Clam","Unknown Clam","Clam","Nearshore"
"179","Marine Invertebrates","Marine Invertebrates","Crab","Brown King Crab","Brown King Crab","Marine"
"180","Marine Invertebrates","Marine Invertebrates","Mussel","Unknown Mussel","Mussel","Nearshore"
"181","Marine Invertebrates","Marine Invertebrates","Scallop","Weathervane Scallop","Weathervane Scallop","Marine"
"182","Marine Invertebrates","Marine Invertebrates","Scallop","Rock Scallops","Rock Scallops","Marine"
"183","Marine Invertebrates","Marine Invertebrates","Sea Cucumber","Yein Sea Cucumber","Yein Sea Cucumber","Nearshore"
"184","Marine Invertebrates","Marine Invertebrates","Chiton","Unknown Chiton","Chiton","Nearshore"
"185","Marine Invertebrates","Marine Invertebrates","Crab","Unknown King Crab","King Crab","Marine"
"186","Marine Invertebrates","Marine Invertebrates","Crab","Unknown Crab","Crab","Marine"
"187","Marine Invertebrates","Marine Invertebrates","Scallop","Unknown Scallop","Scallop","Marine"
"188","Marine Invertebrates","Marine Invertebrates","Sea Urchin","Read Sea Urchin","Read Sea Urchin","Nearshore"
"189","Marine Invertebrates","Marine Invertebrates","Starfish","Starfish","Starfish","Nearshore"
"190","Marine Invertebrates","Marine Invertebrates","Crab","Blue King Crab","Blue King Crab","Marine"
"191","Marine Invertebrates","Marine Invertebrates","Clam","Pinkneck Clam","Pinkneck Clam","Nearshore"
"192","Marine Invertebrates","Marine Invertebrates","Squid","Squid","Squid","Marine"
"193","Marine Invertebrates","Marine Invertebrates","Oyster","Unknown Oyster","Oyster","Marine"
"194","Marine Invertebrates","Marine Invertebrates","Sea Urchin","Unknown Sea Urchin","Sea Urchin","Nearshore"
"195","Marine Invertebrates","Marine Invertebrates","Crab","Tanner Crab","Tanner Crab","Marine"
"196","Vegetation","Vegetation","Seaweed/Kelp","Black Seaweed","Black Seaweed","Nearshore"
"197","Vegetation","Vegetation","Seaweed/Kelp","Sea Ribbons","Sea Ribbons","Nearshore"
"198","Vegetation","Vegetation","Seaweed/Kelp","Alaria","Alaria","Nearshore"
"199","Vegetation","Vegetation","Berries","Blueberry","Blueberry","Terrestrial"
"200","Vegetation","Vegetation","Berries","High Bush Cranberry","High Bush Cranberry","Terrestrial"
"201","Vegetation","Vegetation","Berries","Gooseberry","Gooseberry","Terrestrial"
"202","Vegetation","Vegetation","Berries","Huckleberry","Huckleberry","Terrestrial"
"203","Vegetation","Vegetation","Berries","Raspberry","Raspberry","Terrestrial"
"204","Vegetation","Vegetation","Berries","Salmonberry","Salmonberry","Terrestrial"
"205","Vegetation","Vegetation","Berries","Strawberry","Strawberry","Terrestrial"
"206","Vegetation","Vegetation","Berries","Thimbleberry","Thimbleberry","Terrestrial"
"207","Vegetation","Vegetation","Plants/Greens","Beach Asparagus","Beach Asparagus","Terrestrial"
"208","Vegetation","Vegetation","Plants/Greens","Goose Tongue","Goose Tongue","Terrestrial"
"209","Vegetation","Vegetation","Plants/Greens","Devils Club","Devils Club","Terrestrial"
"210","Vegetation","Vegetation","Plants/Greens","Hudson Bay Tea","Hudson Bay Tea","Terrestrial"
"211","Vegetation","Vegetation","Plants/Greens","Salmonberry Shoots","Salmonberry Shoots","Terrestrial"
"212","Vegetation","Vegetation","Plants/Greens","Spruce Tips","Spruce Tips","Terrestrial"
"213","Vegetation","Vegetation","Plants/Greens","Wild Celery","Wild Celery","Terrestrial"
"214","Vegetation","Vegetation","Plants/Greens","Other Wild Greens","Other Wild Greens","Terrestrial"
"215","Vegetation","Vegetation","Mushrooms","Unknown Mushrooms","Mushrooms","Terrestrial"
"216","Vegetation","Vegetation","Seaweed/Kelp","Bull Kelp","Bull Kelp","Nearshore"
"217","Vegetation","Vegetation","Seaweed/Kelp","Unknown Seaweed","Seaweed","Nearshore"
"218","Vegetation","Vegetation","Seaweed/Kelp","Giant Kelp","Giant Kelp","Nearshore"
"219","Vegetation","Vegetation","Seaweed/Kelp","Red Seaweed","Red Seaweed","Nearshore"
"220","Vegetation","Vegetation","Berries","Low Bush Cranberry","Low Bush Cranberry","Terrestrial"
"221","Vegetation","Vegetation","Berries","Crowberry","Crowberry","Terrestrial"
"222","Vegetation","Vegetation","Berries","Elderberry","Elderberry","Terrestrial"
"223","Vegetation","Vegetation","Berries","Currants","Currants","Terrestrial"
"224","Vegetation","Vegetation","Berries","Cloud Berry","Cloud Berry","Terrestrial"
"225","Vegetation","Vegetation","Berries","Nagoonberry","Nagoonberry","Terrestrial"
"226","Vegetation","Vegetation","Berries","Soapberry","Soapberry","Terrestrial"
"227","Vegetation","Vegetation","Berries","Twisted Stalk Berry (Watermelon Berry)","Twisted Stalk Berry (Watermelon Berry)","Terrestrial"
"228","Vegetation","Vegetation","Plants/Greens","Wild Rhubarb","Wild Rhubarb","Terrestrial"
"229","Vegetation","Vegetation","Plants/Greens","Other Beach Greens","Other Beach Greens","Terrestrial"
"230","Vegetation","Vegetation","Plants/Greens","Fiddlehead Ferns","Fiddlehead Ferns","Terrestrial"
"231","Vegetation","Vegetation","Plants/Greens","Nettle","Nettle","Terrestrial"
"232","Vegetation","Vegetation","Plants/Greens","Mint","Mint","Terrestrial"
"233","Vegetation","Vegetation","Plants/Greens","Dandelion Greens","Dandelion Greens","Terrestrial"
"234","Vegetation","Vegetation","Plants/Greens","Sourdock","Sourdock","Terrestrial"
"235","Vegetation","Vegetation","Plants/Greens","Wild Parsley","Wild Parsley","Terrestrial"
"236","Vegetation","Vegetation","Plants/Greens","Wild Rose Hips","Wild Rose Hips","Terrestrial"
"237","Vegetation","Vegetation","Plants/Greens","Yarrow","Yarrow","Terrestrial"
"238","Vegetation","Vegetation","Plants/Greens","Sorrel","Sorrel","Terrestrial"
"239","Vegetation","Vegetation","Plants/Greens","Fireweed","Fireweed","Terrestrial"
"240","Vegetation","Vegetation","Plants/Greens","Plantain","Plantain","Terrestrial"
"241","Vegetation","Vegetation","Seaweed/Kelp","Red Laver (Dulse)","Red Laver (Dulse)","Nearshore"
"242","Vegetation","Vegetation","Seaweed/Kelp","Bladder Wrack","Bladder Wrack","Nearshore"
"243","Vegetation","Vegetation","Berries","Other Wild Berry","Other Wild Berry","Terrestrial"
"244","Vegetation","Vegetation","Plants/Greens","Eskimo Potato","Eskimo Potato","Terrestrial"
"245","Vegetation","Vegetation","Plants/Greens","Indian Rice","Indian Rice","Terrestrial"
"246","Vegetation","Vegetation","Plants/Greens","Skunk Cabbage","Skunk Cabbage","Terrestrial"
"247","Vegetation","Vegetation","Wood","Alder","Alder","Terrestrial"
"248","Vegetation","Vegetation","Plants/Greens","Lambs Quarter","Lambs Quarter","Terrestrial"
"249","Vegetation","Vegetation","Berries","Serviceberry","Serviceberry","Terrestrial"
"250","Vegetation","Vegetation","Wood","Bark","Bark","Terrestrial"
"251","Vegetation","Vegetation","Wood","Other Wood","Other Wood","Terrestrial"
"252","Vegetation","Vegetation","Wood","Roots","Roots","Terrestrial"
"253","Vegetation","Vegetation","Plants/Greens","Stinkweed","Stinkweed","Terrestrial"
"254","Vegetation","Vegetation","Plants/Greens","Unknown Greens from Land","Greens from Land","Terrestrial"
"255","Vegetation","Vegetation","Coal","Coal","Coal","Terrestrial"
"256","Vegetation","Vegetation","Seaweed/Kelp","Unknown Kelp","Kelp","Nearshore"
"257","Vegetation","Vegetation","Mushrooms","Chaga","Chaga","Terrestrial"
"258","Vegetation","Vegetation","Plants/Greens","Wild Chives","Wild Chives","Terrestrial"
